uid,title,synopsis,genre,aired,episodes,members,popularity,ranked,score,img_url,link
34096,Gintama.,"After joining the resistance against the bakufu, Gintoki and the gang are in hiding, along with Katsura and his Joui rebels. The Yorozuya is soon approached by Nobume Imai and two members of the Kiheitai, who explain that the Harusame pirates have turned against 7th Division Captain Kamui and their former ally Takasugi. The Kiheitai present Gintoki with a job: find Takasugi, who has been missing since his ship was ambushed in a Harusame raid. Nobume also makes a stunning revelation regarding the Tendoushuu, a secret organization pulling the strings of numerous factions, and their leader Utsuro, the shadowy figure with an uncanny resemblance to Gintoki's former teacher. 
 
Hitching a ride on Sakamoto's space ship, the Yorozuya and Katsura set out for Rakuyou, Kagura's home planet, where the various factions have gathered and tensions are brewing. Long-held grudges, political infighting, and the Tendoushuu's sinister overarching plan finally culminate into a massive, decisive battle on Rakuyou. 
 
[Written by MAL Rewrite]","['Action', 'Comedy', 'Historical', 'Parody', 'Samurai', 'Sci-Fi', 'Shounen']","Jan 9, 2017 to Mar 27, 2017",12,139309,800,15,8.94,https://cdn.myanimelist.net/images/anime/3/83528.jpg,https://myanimelist.net/anime/34096/Gintama
34599,Made in Abyss,"The Abyss???a gaping chasm stretching down into the depths of the earth, filled with mysterious creatures and relics from a time long past. How did it come to be? What lies at the bottom? Countless brave individuals, known as Divers, have sought to solve these mysteries of the Abyss, fearlessly descending into its darkest realms. The best and bravest of the Divers, the White Whistles, are hailed as legends by those who remain on the surface. 
 
Riko, daughter of the missing White Whistle Lyza the Annihilator, aspires to become like her mother and explore the furthest reaches of the Abyss. However, just a novice Red Whistle herself, she is only permitted to roam its most upper layer. Even so, Riko has a chance encounter with a mysterious robot with the appearance of an ordinary young boy. She comes to name him Reg, and he has no recollection of the events preceding his discovery. Certain that the technology to create Reg must come from deep within the Abyss, the two decide to venture forth into the chasm to recover his memories and see the bottom of the great pit with their own eyes. However, they know not of the harsh reality that is the true existence of the Abyss. 
 
[Written by MAL Rewrite]","['Sci-Fi', 'Adventure', 'Mystery', 'Drama', 'Fantasy']","Jul 7, 2017 to Sep 29, 2017",13,581663,98,23,8.83,https://cdn.myanimelist.net/images/anime/6/86733.jpg,https://myanimelist.net/anime/34599/Made_in_Abyss
28891,Haikyuu!! Second Season,"Following their participation at the Inter-High, the Karasuno High School volleyball team attempts to refocus their efforts, aiming to conquer the Spring tournament instead.  
 
When they receive an invitation from long-standing rival Nekoma High, Karasuno agrees to take part in a large training camp alongside many notable volleyball teams in Tokyo and even some national level players. By playing with some of the toughest teams in Japan, they hope not only to sharpen their skills, but also come up with new attacks that would strengthen them. Moreover, Hinata and Kageyama attempt to devise a more powerful weapon, one that could possibly break the sturdiest of blocks.  
 
Facing what may be their last chance at victory before the senior players graduate, the members of Karasuno's volleyball team must learn to settle their differences and train harder than ever if they hope to overcome formidable opponents old and new???including their archrival Aoba Jousai and its world-class setter Tooru Oikawa. 
 
[Written by MAL Rewrite]","['Comedy', 'Sports', 'Drama', 'School', 'Shounen']","Oct 4, 2015 to Mar 27, 2016",25,489888,141,25,8.82,https://cdn.myanimelist.net/images/anime/9/76662.jpg,https://myanimelist.net/anime/28891/Haikyuu_Second_Season
2904,Code Geass: Hangyaku no Lelouch R2,"One year has passed since the Black Rebellion, a failed uprising against the Holy Britannian Empire led by the masked vigilante Zero, who is now missing. At a loss without their revolutionary leader, Area 11's resistance group???the Black Knights???find themselves too powerless to combat the brutality inflicted upon the Elevens by Britannia, which has increased significantly in order to crush any hope of a future revolt.  
 
Lelouch Lamperouge, having lost all memory of his double life, is living peacefully alongside his friends as a high school student at Ashford Academy. His former partner C.C., unable to accept this turn of events, takes it upon herself to remind him of his past purpose, hoping that the mastermind Zero will rise once again to finish what he started, in this thrilling conclusion to the series. 
 
[Written by MAL Rewrite] 
","['Action', 'Military', 'Sci-Fi', 'Super Power', 'Drama', 'Mecha']","Apr 6, 2008 to Sep 28, 2008",25,992196,27,17,8.93,https://cdn.myanimelist.net/images/anime/4/9391.jpg,https://myanimelist.net/anime/2904/Code_Geass__Hangyaku_no_Lelouch_R2
4181,Clannad: After Story,"Clannad: After Story , the sequel to the critically acclaimed slice-of-life series  Clannad , begins after Tomoya Okazaki and Nagisa Furukawa graduate from high school. Together, they experience the emotional rollercoaster of growing up. Unable to decide on a course for his future, Tomoya learns the value of a strong work ethic and discovers the strength of Nagisa's support. Through the couple's dedication and unity of purpose, they push forward to confront their personal problems, deepen their old relationships, and create new bonds. 
 
Time also moves on in the Illusionary World. As the plains grow cold with the approach of winter, the Illusionary Girl and the Garbage Doll are presented with a difficult situation that reveals the World's true purpose. 
 
Based on the visual novel by Key and produced by Kyoto Animation,  Clannad: After Story  is an impactful drama highlighting the importance of family and the struggles of adulthood. 
 
[Written by MAL Rewrite]","['Slice of Life', 'Comedy', 'Supernatural', 'Drama', 'Romance']","Oct 3, 2008 to Mar 27, 2009",24,740101,64,12,8.97,https://cdn.myanimelist.net/images/anime/13/24647.jpg,https://myanimelist.net/anime/4181/Clannad__After_Story
4672,Koukaku Kidoutai 2.0,"Mamoru Oshii's first Ghost in the Shell cyberspace film will return to five Japanese theaters in an enhanced Ghost in the Shell 2.0 edition on July 12. The new edition will include new computer graphics and digital effects for some scenes and a reunion of most of the cast members for a new 6.1 surround sound recording. Academy-Award-winning sound mixer/editor Randy Thom (Ghost in the Shell 2: Innocence, The Incredibles, The Right Stuff) has overseen the new soundtrack with Kenji Kawai's original music and a final mix that has been produced at Thom and Lucas Digital's Skywalker Sound studio in California. 
 
In the new edition, the enigmatic Puppet Master character will be played by Yoshiko Sakakibara (Ghost in the Shell 2: Innocence's Harraway, Ghost in the Shell: Stand Alone Complex's Prime Minister Yoko Kayabuki). Iemasa Kayumi (Giant Robo's Chief Chuujou Shizuo, RahXephon's Ernst Von B??hbem) played the role in the original edition. 
 
The film will screen in Tokyo, Osaka, Nagoya, Fukuoka, and Sapporo. Not coincidentally, Oshii's latest film, The Sky Crawlers, will open one month after Ghost in the Shell 2.0 on August 2.  
 
(Source: ANN)","['Action', 'Sci-Fi', 'Police', 'Psychological', 'Mecha', 'Seinen']",12-Jul-08,1,72331,1457,500,8.06,https://cdn.myanimelist.net/images/anime/3/75608.jpg,https://myanimelist.net/anime/4672/Koukaku_Kidoutai_20
16664,Kaguya-hime no Monogatari,"Deep in the countryside, a man named Okina works as a bamboo cutter in a forest, chopping away at the hollow plants day after day. One day, he discovers a small baby inside a glowing shoot. He immediately takes her home, convinced that she is a princess sent to Earth as a divine blessing from heaven. Okina and his wife Ouna take it upon themselves to raise the infant as their own, watching over her as she quickly grows into an energetic young girl. Given the name Kaguya, she fits right in with the village she has come to call home, going on adventures with the other children and enjoying what youth has to offer. 
 
But when Okina finds a large fortune of gold and treasure in the forest, Kaguya's life is completely changed. Believing this to be yet another gift from heaven, he takes it upon himself to turn his daughter into a real princess using the wealth he has just obtained, relocating the family to a mansion in the capital. As she leaves her friends behind to enter into an unwanted life of royalty, Kaguya's origins and purpose slowly come to light. 
 
[Written by MAL Rewrite]","['Fantasy', 'Historical']",23-Nov-13,1,99563,1106,250,8.28,https://cdn.myanimelist.net/images/anime/1935/93606.jpg,https://myanimelist.net/anime/16664/Kaguya-hime_no_Monogatari
5114,Fullmetal Alchemist: Brotherhood,"""In order for something to be obtained, something of equal value must be lost."" 
 
Alchemy is bound by this Law of Equivalent Exchange???something the young brothers Edward and Alphonse Elric only realize after attempting human transmutation: the one forbidden act of alchemy. They pay a terrible price for their transgression???Edward loses his left leg, Alphonse his physical body. It is only by the desperate sacrifice of Edward's right arm that he is able to affix Alphonse's soul to a suit of armor. Devastated and alone, it is the hope that they would both eventually return to their original bodies that gives Edward the inspiration to obtain metal limbs called ""automail"" and become a state alchemist, the Fullmetal Alchemist. 
 
Three years of searching later, the brothers seek the Philosopher's Stone, a mythical relic that allows an alchemist to overcome the Law of Equivalent Exchange. Even with military allies Colonel Roy Mustang, Lieutenant Riza Hawkeye, and Lieutenant Colonel Maes Hughes on their side, the brothers find themselves caught up in a nationwide conspiracy that leads them not only to the true nature of the elusive Philosopher's Stone, but their country's murky history as well. In between finding a serial killer and racing against time, Edward and Alphonse must ask themselves if what they are doing will make them human again... or take away their humanity. 
 
[Written by MAL Rewrite]","['Action', 'Military', 'Adventure', 'Comedy', 'Drama', 'Magic', 'Fantasy', 'Shounen']","Apr 5, 2009 to Jul 4, 2010",64,1615084,4,1,9.23,https://cdn.myanimelist.net/images/anime/1223/96541.jpg,https://myanimelist.net/anime/5114/Fullmetal_Alchemist__Brotherhood
30276,One Punch Man,"The seemingly ordinary and unimpressive Saitama has a rather unique hobby: being a hero. In order to pursue his childhood dream, he trained relentlessly for three years???and lost all of his hair in the process. Now, Saitama is incredibly powerful, so much so that no enemy is able to defeat him in battle. In fact, all it takes to defeat evildoers with just one punch has led to an unexpected problem???he is no longer able to enjoy the thrill of battling and has become quite bored. 
  
This all changes with the arrival of Genos, a 19-year-old cyborg, who wishes to be Saitama's disciple after seeing what he is capable of. Genos proposes that the two join the Hero Association in order to become certified heroes that will be recognized for their positive contributions to society, and Saitama, shocked that no one knows who he is, quickly agrees. And thus begins the story of  One Punch Man , an action-comedy that follows an eccentric individual who longs to fight strong enemies that can hopefully give him the excitement he once felt and just maybe, he'll become popular in the process. 
 
[Written by MAL Rewrite]","['Action', 'Sci-Fi', 'Comedy', 'Parody', 'Super Power', 'Supernatural', 'Seinen']","Oct 5, 2015 to Dec 21, 2015",12,1475219,5,50,8.68,https://cdn.myanimelist.net/images/anime/12/76049.jpg,https://myanimelist.net/anime/30276/One_Punch_Man
14719,JoJo no Kimyou na Bouken (TV),"In 1868, Dario Brando saves the life of an English nobleman, George Joestar. By taking in Dario's son Dio when the boy becomes fatherless, George hopes to repay the debt he owes to his savior. However Dio, unsatisfied with his station in life, aspires to seize the Joestar house for his own. Wielding an Aztec stone mask with supernatural properties, he sets out to destroy George and his son, Jonathan ""JoJo"" Joestar, and triggers a chain of events that will continue to echo through the years to come. 
 
Half a century later, in New York City, Jonathan's grandson Joseph Joestar discovers the legacy his grandfather left for him. When an archeological dig unearths the truth behind the stone mask, he realizes that he is the only one who can defeat the Pillar Men, mystical beings of immeasurable power who inadvertently began everything. 
 
Adapted from the first two arcs of Hirohiko Araki's outlandish manga series,  JoJo no Kimyou na Bouken  follows the many thrilling expeditions of JoJo and his descendants. Whether it's facing off with the evil Dio, or combatting the sinister Pillar Men, there's always plenty of bizarre adventures in store. 
 
[Written by MAL Rewrite]","['Action', 'Adventure', 'Supernatural', 'Vampire', 'Shounen']","Oct 6, 2012 to Apr 6, 2013",26,579147,102,220,8.31,https://cdn.myanimelist.net/images/anime/3/40409.jpg,https://myanimelist.net/anime/14719/JoJo_no_Kimyou_na_Bouken_TV
20899,JoJo no Kimyou na Bouken Part 3: Stardust Crusaders,"Years after an ancient evil was salvaged from the depths of the sea, Joutarou Kuujou sits peacefully within a Japanese jail cell. He's committed no crime yet demands he not be released, believing he's been possessed by an evil spirit capable of harming those around him. Concerned for her son, Holly Kuujou asks her father, Joseph Joestar, to convince Joutarou to leave the prison. Joseph informs his grandson that the ""evil spirit"" is in fact something called a ""Stand,"" the physical manifestation of one's fighting spirit which can adopt a variety of deadly forms. After a fiery brawl with Joseph's friend Mohammed Avdol, Joutarou is forced out of his cell and begins learning how to control the power of his Stand. 
 
However, when a Stand awakens within Holly and threatens to consume her in 50 days, Joutarou, his grandfather, and their allies must seek out and destroy the immortal vampire responsible for her condition. They must travel halfway across the world to Cairo, Egypt and along the way, do battle with ferocious Stand users set on thwarting them. If Joutarou and his allies fail in their mission, humanity is destined for a grim fate. 
 
[Written by MAL Rewrite]","['Action', 'Adventure', 'Supernatural', 'Drama', 'Shounen']","Apr 5, 2014 to Sep 13, 2014",24,403914,214,304,8.23,https://cdn.myanimelist.net/images/anime/11/55267.jpg,https://myanimelist.net/anime/20899/JoJo_no_Kimyou_na_Bouken_Part_3__Stardust_Crusaders
26055,JoJo no Kimyou na Bouken Part 3: Stardust Crusaders 2nd Season,"Joutarou Kuujou and his allies have finally made it to Egypt, where the immortal Dio awaits. Upon their arrival, the group gains a new comrade: Iggy, a mutt who wields the Stand ""The Fool."" It's not all good news however, as standing in their path is a new group of Stand users who serve Dio, each with a Stand representative of an ancient Egyptian god. As their final battle approaches, it is a race against time to break Joutarou's mother free from her curse and end Dio's reign of terror over the Joestar family once and for all. 
 
[Written by MAL Rewrite]","['Action', 'Adventure', 'Supernatural', 'Drama', 'Shounen']","Jan 10, 2015 to Jun 20, 2015",24,358542,265,77,8.56,https://cdn.myanimelist.net/images/anime/11/75045.jpg,https://myanimelist.net/anime/26055/JoJo_no_Kimyou_na_Bouken_Part_3__Stardust_Crusaders_2nd_Season
31933,JoJo no Kimyou na Bouken Part 4: Diamond wa Kudakenai,"The year is 1999. Morioh, a normally quiet and peaceful town, has recently become a hotbed of strange activity. Joutarou Kuujou, now a marine biologist, heads to the mysterious town to meet Jousuke Higashikata. While the two may seem like strangers at first, Jousuke is actually the illegitimate child of Joutarou's grandfather, Joseph Joestar. When they meet, Joutarou realizes that he may have more in common with Jousuke than just a blood relation. 
 
Along with the mild-mannered Kouichi Hirose and the boisterous Okuyasu Nijimura, the group dedicates themselves to investigating recent disappearances and other suspicious occurrences within Morioh. Aided by the power of Stands, the four men will encounter danger at every street corner, as it is up to them to unravel the town's secrets, before another occurs. 
 
[Written by MAL Rewrite]","['Action', 'Adventure', 'Comedy', 'Supernatural', 'Drama', 'Shounen']","Apr 2, 2016 to Dec 24, 2016",39,351782,270,68,8.6,https://cdn.myanimelist.net/images/anime/3/79156.jpg,https://myanimelist.net/anime/31933/JoJo_no_Kimyou_na_Bouken_Part_4__Diamond_wa_Kudakenai
37991,JoJo no Kimyou na Bouken Part 5: Ougon no Kaze,"In the coastal city of Naples, corruption is teemingâ€”the police blatantly conspire with outlaws, drugs run rampant around the youth, and the mafia governs the streets with an iron fist. However, various fateful encounters will soon occur. 
 
Enter Giorno Giovanna, a 15-year-old boy with an eccentric connection to the Joestar family, who ekes a living out of part-time jobs and pickpocketing. Furthermore, he is gifted with the unexplained Stand ability to give and create lifeâ€” growing plants from the ground and turning inanimate objects into live animals, an ability he has dubbed ""Gold Experience."" Fascinated by the might of local gangsters, Giorno has dreamed of rising up in their ranks and becoming a ""Gang-Star,"" a feat made possible by his encounter with Bruno Buccellati, a member of the Passione gang with his own sense of justice. 
 
 JoJo no Kimyou na Bouken: Ougon no Kaze  follows the endeavors of Giorno after joining Bruno's team while working under Passione, fending off other gangsters and secretly plotting to overthrow their mysterious boss. 
 
[Written by MAL Rewrite]","['Action', 'Adventure', 'Shounen']","Oct 6, 2018 to Jul 28, 2019",39,255280,394,38,8.73,https://cdn.myanimelist.net/images/anime/1572/95010.jpg,https://myanimelist.net/anime/37991/JoJo_no_Kimyou_na_Bouken_Part_5__Ougon_no_Kaze
35222,Gakuen Babysitters,"After losing both parents in a fatal plane crash, teenager Ryuuichi Kashima must adjust to his new life as the guardian of his younger brother Kotarou. Although Ryuuichi is able to maintain a friendly and kindhearted demeanor, Kotarou is a reserved toddler still too young to understand the reality of the situation. At their parents' funeral, they are approached by Youko Morinomiya, the stern chairman of an elite academy, who decides to take them under her care. 
  
However, there is one condition Ryuuichi must fulfill in exchange for a roof over their heads and enrolment in the schoolâ€”he must become the school's babysitter. In an effort to support the female teachers at the academy, a babysitter's club was established to look after their infant children; unfortunately, the club is severely short-staffed, so now not only is Ryuuichi responsible for his little brother, but also a handful of toddlers who possess dynamic personalities. 
 
[Written by MAL Rewrite]","['Comedy', 'School', 'Shoujo', 'Slice of Life']","Jan 7, 2018 to Mar 25, 2018",12,94090,1171,759,7.87,https://cdn.myanimelist.net/images/anime/8/89978.jpg,https://myanimelist.net/anime/35222/Gakuen_Babysitters
8038,Nodame Cantabile: Finale - Mine to Kiyora no Saikai,"Violinist Kiyora Miki meets with Shinichi Chiaki, Megumi ""Nodame"" Noda, and their two friends to visit world-class conductor Franz von Stresemann; upon arriving at his residence in Vienna, they discover that the maestro has escaped to Japan. As they make the most of their wasted trip by visiting important landmarks in the historical capital of classical music, Kiyora has a confession to make: she has not seen her boyfriend Ryuutarou Mine for an entire year and is still busy preparing for an international competition in Paris. Chiaki and Nodame promise to attend the final round, but when the two are back in Paris, they receive an unexpected guest... 
 
[Written by MAL Rewrite] 
","['Comedy', 'Josei', 'Music', 'Romance']",7-Apr-10,1,33038,2428,750,7.88,https://cdn.myanimelist.net/images/anime/8/19590.jpg,https://myanimelist.net/anime/8038/Nodame_Cantabile__Finale_-_Mine_to_Kiyora_no_Saikai
1253,Saint Seiya: Meiou Hades Meikai-hen,"Seiya and the rest of the Bronze and Gold Saints who have survived the Sanctuary battle have entered the world of the Dead. They are fighting to get to Hades and defeat him.  
 
(Source: ANN)","['Action', 'Adventure', 'Demons', 'Fantasy', 'Sci-Fi', 'Shounen', 'Super Power']","Dec 17, 2005 to Feb 6, 2007",12,33453,2409,799,7.86,https://cdn.myanimelist.net/images/anime/12/75732.jpg,https://myanimelist.net/anime/1253/Saint_Seiya__Meiou_Hades_Meikai-hen
1453,Maison Ikkoku,"In the town of Clock Hill, there is an old boarding house called Maison Ikkoku. While the residence itself is fairly normal, most of its occupants are not. Yuusaku Godai, its most quiet tenant, has finally reached his limit with his neighbors' constant disruptions and boisterous partying. Wanting a calmer place to call home so that he can study in peace, he prepares to move away. 
 
However, his plans to leave are suddenly interrupted when he meets the new boarding house manager, Kyoko Otonashi. Falling madly in love with her, he decides that the boarding house may not be such a bad place to live after all. Unfortunately for him, Kyoko has her own romantic troubles: she is a widow whose husband died six months into their marriage. And despite her blossoming feelings for Godai, Kyoko still cherishes her dearly departed husband, and she believes that no other man could possibly fill the void in her heart. But with Godai's persistence and some help of the other eccentric tenants, she may experience true love once again. 
 
[Written by MAL Rewrite]","['Slice of Life', 'Comedy', 'Drama', 'Romance', 'Seinen']","Mar 26, 1986 to Mar 2, 1988",96,40874,2157,460,8.09,https://cdn.myanimelist.net/images/anime/6/17576.jpg,https://myanimelist.net/anime/1453/Maison_Ikkoku
7588,Saraiya Goyou,"Masterless samurai Akitsu Masanosuke is a skilled and loyal swordsman, but his na??ve, diffident nature has time and again caused him to be let go by the lords who have employed him. Hungry and desperate, he becomes a bodyguard for Yaichi, the charismatic leader of a gang called ""Five Leaves."" Although disturbed by the gang's sinister activities, Masa begins to suspect that Yaichi's motivations are not what they seem. And despite his misgivings, the deeper he's drawn into the world of the Five Leaves, the more he finds himself fascinated by these devious, mysterious outlaws. 
 
(Source: MU)","['Mystery', 'Historical', 'Drama', 'Samurai', 'Seinen']","Apr 16, 2010 to Jul 2, 2010",12,61146,1650,800,7.86,https://cdn.myanimelist.net/images/anime/4/75203.jpg,https://myanimelist.net/anime/7588/Saraiya_Goyou
20767,Noragami OVA,"Bundled with the limited editions of the 10th and 11th volumes of the manga. 
 
10th volume DVD adapts the 25th chapter of the manga. 
 
11th volume DVD adapts the popular cherry blossom-viewing arc. 
 
(Source: MAL News)","['Action', 'Adventure', 'Comedy', 'Supernatural', 'Shounen']","Feb 17, 2014 to Jul 17, 2014",2,200244,539,798,7.86,https://cdn.myanimelist.net/images/anime/7/77177.jpg,https://myanimelist.net/anime/20767/Noragami_OVA
35363,"Kobayashi-san Chi no Maid Dragon: Valentine, Soshite Onsen! - Amari Kitai Shinaide Kudasai",Unaired episode included with the 7th volume of the BD/DVD release of  Kobayashi-san Chi no Maid Dragon .,"['Slice of Life', 'Comedy', 'Fantasy']",20-Sep-17,1,87716,1238,794,7.86,https://cdn.myanimelist.net/images/anime/5/88486.jpg,https://myanimelist.net/anime/35363/Kobayashi-san_Chi_no_Maid_Dragon__Valentine_Soshite_Onsen_-_Amari_Kitai_Shinaide_Kudasai
22673,Kuroko no Basket 2nd Season NG-shuu,"Animated bloopers, based on the extra section of the original manga series, included with the BD/DVD series for Kuroko no Basket Second Season (both limited and normal editions).","['Comedy', 'Sports']","Jan 29, 2014 to Sep 24, 2014",9,38046,2263,795,7.86,https://cdn.myanimelist.net/images/anime/13/59027.jpg,https://myanimelist.net/anime/22673/Kuroko_no_Basket_2nd_Season_NG-shuu
6862,K-On!: Live House!,"It is almost the end of the year, and Houkago Tea Time has been invited to participate in a live house on New Year's Eve! The iconic band members are Yui Hirasawa, the carefree guitarist who is enthusiastic to play music; Mio Akiyama, the shy bassist who gets embarrassed easily; Tsumugi Kotobuki, the gentle and sweet keyboardist who finds joy in normal activities; Ritsu Tainaka, the extroverted drummer who likes to tease Mio; and Azusa Nakano, the rhythm guitarist who is one year younger than the rest but slightly more mature. 
 
Performing in the set gives the girls the rare opportunity to meet various people from different bands, including the one that invited them, Love Crysis. Will Houkago Tea Time be able to delight their audiences successfully? 
 
[Written by MAL Rewrite]","['Comedy', 'Music', 'School', 'Slice of Life']",19-Jan-10,1,102122,1082,793,7.86,https://cdn.myanimelist.net/images/anime/9/15892.jpg,https://myanimelist.net/anime/6862/K-On__Live_House
451,InuYasha Movie 3: Tenka Hadou no Ken,"Izayoi and Inu no Taishou, Inuyasha's parents, are having problems with a human named Setsuna no Takemaru. Sou'unga a magical sword that has been sealed away for 700 years is found. Now everyone is after the sword and its powers but it seems the sword has something else in mind. 
 
(Source: ANN) 
","['Action', 'Adventure', 'Comedy', 'Historical', 'Demons', 'Supernatural', 'Drama', 'Magic', 'Romance', 'Fantasy', 'Shounen']",20-Dec-03,1,68407,1527,791,7.86,https://cdn.myanimelist.net/images/anime/1658/95332.jpg,https://myanimelist.net/anime/451/InuYasha_Movie_3__Tenka_Hadou_no_Ken
9563,Hidamari Sketch x Ÿ??Ÿ??Ÿ?? Specials,,"['Slice of Life', 'Comedy', 'School', 'Seinen']","Oct 23, 2010 to Oct 30, 2010",2,11600,4073,790,7.86,https://cdn.myanimelist.net/images/anime/3/26476.jpg,https://myanimelist.net/anime/9563/Hidamari_Sketch_x_%E2%98%86%E2%98%86%E2%98%86_Specials
30364,Haikyuu!! Movie 2: Shousha to Haisha,Second  Haikyuu!!  recap movie.,"['Comedy', 'Sports', 'Drama', 'School', 'Shounen']",18-Sep-15,1,27734,2698,789,7.86,https://cdn.myanimelist.net/images/anime/2/74813.jpg,https://myanimelist.net/anime/30364/Haikyuu_Movie_2__Shousha_to_Haisha
33280,Gochuumon wa Usagi Desu ka??: Dear My Sister,,"['Slice of Life', 'Comedy']",11-Nov-17,1,20779,3141,788,7.86,https://cdn.myanimelist.net/images/anime/1223/95215.jpg,https://myanimelist.net/anime/33280/Gochuumon_wa_Usagi_Desu_ka__Dear_My_Sister
36369,Ginga Eiyuu Densetsu: Die Neue These - Seiran 1,"The Free Planets Alliance's invasion of the Galactic Empire has failed after supply mismanagement led to heavy losses. Unwilling to abort the expedition despite being greatly outnumbered, Fleet Admiral Lazar Lobos orders the remaining Alliance fleets to gather in the Amritsar Starzone for a final stand against the incoming counterattack. 
 
Strategic genius Fleet Admiral Reinhard von Lohengramm leads the Imperial forces into this decisive battle with an overwhelming advantage. However, his rival, tactical magician Vice Admiral Yang Wen-li of the Alliance, once again makes up for the incompetence of his superiors and stages a narrow escape for himself and his fellow soldiers. Though both Reinhard and Yang are displeased with the outcomeƒ??the former for his imperfect victory and the latter for the tremendous casualtiesƒ??their attention must turn to the bubbling political unrest on both sides of the galaxy. 
 
[Written by MAL Rewrite]","['Action', 'Drama', 'Military', 'Sci-Fi', 'Space']",27-Sep-19,4,11817,4041,787,7.86,https://cdn.myanimelist.net/images/anime/1772/102667.jpg,https://myanimelist.net/anime/36369/Ginga_Eiyuu_Densetsu__Die_Neue_These_-_Seiran_1
27633,Gekkan Shoujo Nozaki-kun Specials,Specials bundled with the Blu-ray/DVDs.,"['Comedy', 'Romance', 'School']","Sep 24, 2014 to Feb 25, 2015",6,87789,1233,786,7.86,https://cdn.myanimelist.net/images/anime/9/66871.jpg,https://myanimelist.net/anime/27633/Gekkan_Shoujo_Nozaki-kun_Specials
8609,Detective Conan OVA 10: Kid in Trap Island,"In this entirely new story produced specifically for the DVD, Conan leads a group of young detectives against the phantom thief Kaitou Kid, who has his eyes set on a jewel at a hotel on an isolated island. 
 
(Source: ANN)","['Adventure', 'Comedy', 'Mystery', 'Police', 'Shounen']",14-Apr-10,1,12337,3969,782,7.86,https://cdn.myanimelist.net/images/anime/7/23698.jpg,https://myanimelist.net/anime/8609/Detective_Conan_OVA_10__Kid_in_Trap_Island
36214,Asagao to Kase-san.,"Yui Yamada, a timid girl who enjoys tending to her school's greenery, falls in love with the boyish and athletic Tomoka Kase. The two eventually begin dating, and the story follows the pair as they face various challenges in their relationship. 
 
(Source: Wikipedia)","['Romance', 'School', 'Shoujo Ai']",9-Jun-18,1,33444,2426,779,7.86,https://cdn.myanimelist.net/images/anime/1578/94205.jpg,https://myanimelist.net/anime/36214/Asagao_to_Kase-san
34944,Bungou Stray Dogs: Dead Apple,"A large scale catastrophe is occurring across the planet. Ability users are discovered after the appearance of a mysterious fog, apparently having committed suicide, so the Armed Detective Agency sets out to investigate these mysterious deaths. The case seems to involve an unknown ability user referred to as ""Collector,"" a man who could be the mastermind behind the incident. 
 
Trust and courage are put to the test in order to save the city of Yokohama and ability users across the world from the grip of Collector where the Armed Detective Agency forms an unlikely partnership with the dangerous Port Mafia.  
 
[Written by MAL Rewrite]","['Action', 'Comedy', 'Mystery', 'Super Power', 'Supernatural']",3-Mar-18,1,73839,1448,780,7.86,https://cdn.myanimelist.net/images/anime/1127/93981.jpg,https://myanimelist.net/anime/34944/Bungou_Stray_Dogs__Dead_Apple
5680,K-On!,"Hirasawa Yui, a young, carefree girl entering high school, has her imagination instantly captured when she sees a poster advertising the ""Light Music Club."" Being the carefree girl that she is, she quickly signs up; however, Yui has a problem, she is unable to play an instrument. 
 
When Yui goes to the clubroom to explain, she's greeted by the other members: Ritsu, Mio, and Tsumugi. Although disheartened at Yui's lack of musical know-how, they still try to convince her to stay to prevent the club's disbandment. After playing Yui a short piece which re-ignites her imagination, they succeed in keeping their new member and guitarist. 
 
Along with the tasks of school and homework, Yui begins to learn the guitar with the help of the other band members, experiencing many mishaps along the way. However, with the school festival drawing near and Yui getting stuck with her practice, will the Light Music Club be ready in time for their debut? 
 
[Written by MAL Rewrite]","['Slice of Life', 'Comedy', 'Music', 'School']","Apr 3, 2009 to Jun 26, 2009",13,610222,90,792,7.86,https://cdn.myanimelist.net/images/anime/10/76120.jpg,https://myanimelist.net/anime/5680/K-On
552,Digimon Adventure,"When a group of kids head out for summer camp, they don't expect it to snow in the middle of July. Out of nowhere, the kids receive strange devices which transport them to a very different world to begin their  Digimon Adventure ! Led by the plucky Taichi Yagami, the seven children must now survive in a realm far from home, filled with monsters and devoid of other humans. 
 
Luckily, they're not alone: each child is paired off with a companion digital monster called a Digimon. Together, the children and their new friends must overcome their insecurities, discover their inner strengths, and evolve into stronger fighters - literally. 
 
A force of evil is spreading through the Digital World, corrupting all the Digimon. The DigiDestined have arrived and itâ€™s up to them to save the Digital World, if they ever want to see their home world again.","['Action', 'Adventure', 'Comedy', 'Fantasy', 'Kids']","Mar 7, 1999 to Mar 26, 2000",54,274830,356,783,7.86,https://cdn.myanimelist.net/images/anime/10/11070.jpg,https://myanimelist.net/anime/552/Digimon_Adventure
31637,"Gate: Jieitai Kanochi nite, Kaku Tatakaeri 2nd Season","Several months have passed since the infamous Ginza Incident, with tensions between the Empire and JSDF escalating in the vast and mysterious ""Special Region"" over peace negotiations. The greed and curiosity of the global powers have also begun to grow, as reports about the technological limitations of the magical realm's archaic civilizations come to light.  
 
Meanwhile, Lieutenant Youji Itami and his merry band of female admirers struggle to navigate the complex political intrigue that plagues the Empire's court. Despite her best efforts, Princess PiÃ±a Co Lada faces difficulties attempting to convince her father that the JSDF has no intention of conquering their kingdom. Pressured from both sides of the Gate, Itami must consider even more drastic measures to fulfill his mission. 
 
[Written by MAL Rewrite] ","['Action', 'Military', 'Adventure', 'Fantasy']","Jan 9, 2016 to Mar 26, 2016",12,328860,297,785,7.86,https://cdn.myanimelist.net/images/anime/8/77382.jpg,https://myanimelist.net/anime/31637/Gate__Jieitai_Kanochi_nite_Kaku_Tatakaeri_2nd_Season
31240,Re:Zero kara Hajimeru Isekai Seikatsu,"When Subaru Natsuki leaves the convenience store, the last thing he expects is to be wrenched from his everyday life and dropped into a fantasy world. Things aren't looking good for the bewildered teenager; however, not long after his arrival, he is attacked by some thugs. Armed with only a bag of groceries and a now useless cell phone, he is quickly beaten to a pulp. Fortunately, a mysterious beauty named Satella, in hot pursuit after the one who stole her insignia, happens upon Subaru and saves him. In order to thank the honest and kindhearted girl, Subaru offers to help in her search, and later that night, he even finds the whereabouts of that which she seeks. But unbeknownst to them, a much darker force stalks the pair from the shadows, and just minutes after locating the insignia, Subaru and Satella are brutally murdered. 
 
However, Subaru immediately reawakens to a familiar sceneâ€”confronted by the same group of thugs, meeting Satella all over againâ€”the enigma deepens as history inexplicably repeats itself. 
 
[Written by MAL Rewrite]","['Drama', 'Fantasy', 'Psychological', 'Thriller']","Apr 4, 2016 to Sep 19, 2016",25,1018076,23,202,8.34,https://cdn.myanimelist.net/images/anime/11/79410.jpg,https://myanimelist.net/anime/31240/Re_Zero_kara_Hajimeru_Isekai_Seikatsu
38000,Kimetsu no Yaiba,"Ever since the death of his father, the burden of supporting the family has fallen upon Tanjirou Kamado's shoulders. Though living impoverished on a remote mountain, the Kamado family are able to enjoy a relatively peaceful and happy life. One day, Tanjirou decides to go down to the local village to make a little money selling charcoal. On his way back, night falls, forcing Tanjirou to take shelter in the house of a strange man, who warns him of the existence of flesh-eating demons that lurk in the woods at night. 
 
When he finally arrives back home the next day, he is met with a horrifying sightâ€”his whole family has been slaughtered. Worse still, the sole survivor is his sister Nezuko, who has been turned into a bloodthirsty demon. Consumed by rage and hatred, Tanjirou swears to avenge his family and stay by his only remaining sibling. Alongside the mysterious group calling themselves the Demon Slayer Corps, Tanjirou will do whatever it takes to slay the demons and protect the remnants of his beloved sister's humanity. 
 
[Written by MAL Rewrite]","['Action', 'Demons', 'Historical', 'Shounen', 'Supernatural']","Apr 6, 2019 to Sep 28, 2019",26,575037,106,19,8.92,https://cdn.myanimelist.net/images/anime/1286/99889.jpg,https://myanimelist.net/anime/38000/Kimetsu_no_Yaiba
38958,Manga de Wakaru! Fate/Grand Order,"A short anime based on  Manga de Wakaru! Fate/Grand Order  by Riyo.  Aired during Fate Project Year End 2018, and is also available on YouTube.",['Comedy'],31-Dec-18,1,7545,4889,770,7.87,https://cdn.myanimelist.net/images/anime/1830/98102.jpg,https://myanimelist.net/anime/38958/Manga_de_Wakaru_Fate_Grand_Order
777,Hellsing Ultimate,"There exist creatures of darkness and evil that plague the night, devouring any human unfortunate enough to be caught in their grasp. On the other side is Hellsing, an organization dedicated to destroying these supernatural forces that threaten the very existence of humanity. At its head is Integra Fairbrook Wingates Hellsing, who commands a powerful military and spends her life fighting the undead. 
 
Integra's vast army, however, pales in comparison with her ultimate weapon: the vampire Alucard, who works against his own kind as an exterminator for Hellsing. With his new vampire servant, Seras Victoria, at his side, Alucard must battle not only monsters, but all those who stand to oppose Hellsing, be they in the guise of good or evil. 
 
In a battle for mankind's survival,  Hellsing Ultimate  proves that appearances are not all they may seem, and sometimes the greatest weapon can come in the form of one's worst nightmare. 
 
[Written by MAL Rewrite]","['Action', 'Military', 'Horror', 'Supernatural', 'Vampire', 'Seinen']","Feb 10, 2006 to Dec 26, 2012",10,542476,113,109,8.47,https://cdn.myanimelist.net/images/anime/6/7333.jpg,https://myanimelist.net/anime/777/Hellsing_Ultimate
16498,Shingeki no Kyojin,"Centuries ago, mankind was slaughtered to near extinction by monstrous humanoid creatures called titans, forcing humans to hide in fear behind enormous concentric walls. What makes these giants truly terrifying is that their taste for human flesh is not born out of hunger but what appears to be out of pleasure. To ensure their survival, the remnants of humanity began living within defensive barriers, resulting in one hundred years without a single titan encounter. However, that fragile calm is soon shattered when a colossal titan manages to breach the supposedly impregnable outer wall, reigniting the fight for survival against the man-eating abominations. 
 
After witnessing a horrific personal loss at the hands of the invading creatures, Eren Yeager dedicates his life to their eradication by enlisting into the Survey Corps, an elite military unit that combats the merciless humanoids outside the protection of the walls. Based on Hajime Isayama's award-winning manga,  Shingeki no Kyojin  follows Eren, along with his adopted sister Mikasa Ackerman and his childhood friend Armin Arlert, as they join the brutal war against the titans and race to discover a way of defeating them before the last walls are breached. 
 
[Written by MAL Rewrite]","['Action', 'Military', 'Mystery', 'Super Power', 'Drama', 'Fantasy', 'Shounen']","Apr 7, 2013 to Sep 29, 2013",25,1754979,2,111,8.47,https://cdn.myanimelist.net/images/anime/10/47347.jpg,https://myanimelist.net/anime/16498/Shingeki_no_Kyojin
32380,Kono Subarashii Sekai ni Shukufuku wo!: Kono Subarashii Choker ni Shukufuku wo!,"Kazuma finds a choker at Wiz's magic shop said to grant any one wish and decides to put it on. The problem? He'll die in four days from strangulation if the wish isn't granted. And Kazuma can't remember what he wished for, so he has no idea how his party members can help. The girls therefore have no choice but to submit to his every whim if they want to save him.","['Magic', 'Adventure', 'Fantasy', 'Comedy', 'Supernatural']",24-Jun-16,1,181220,600,747,7.88,https://cdn.myanimelist.net/images/anime/1649/98516.jpg,https://myanimelist.net/anime/32380/Kono_Subarashii_Sekai_ni_Shukufuku_wo__Kono_Subarashii_Choker_ni_Shukufuku_wo
35849,Darling in the FranXX,"In the distant future, humanity has been driven to near-extinction by giant beasts known as Klaxosaurs, forcing the surviving humans to take refuge in massive fortress cities called Plantations. Children raised here are trained to pilot giant mechas known as FranXXâ€”the only weapons known to be effective against the Klaxosaursâ€”in boy-girl pairs. Bred for the sole purpose of piloting these machines, these children know nothing of the outside world and are only able to prove their existence by defending their race.   
 
Hiro, an aspiring FranXX pilot, has lost his motivation and self-confidence after failing an aptitude test. Skipping out on his class' graduation ceremony, Hiro retreats to a forest lake, where he encounters a mysterious girl with two horns growing out of her head. She introduces herself by her codename Zero Two, which is known to belong to an infamous FranXX pilot known as the ""Partner Killer."" Before Hiro can digest the encounter, the Plantation is rocked by a sudden Klaxosaur attack. Zero Two engages the creature in her FranXX, but it is heavily damaged in the skirmish and crashes near Hiro. Finding her partner dead, Zero Two invites Hiro to pilot the mecha with her, and the duo easily defeats the Klaxosaur in the ensuing fight. With a new partner by his side, Hiro has been given a chance at redemption for his past failures, but at what cost? 
 
[Written by MAL Rewrite]","['Action', 'Drama', 'Mecha', 'Romance', 'Sci-Fi']","Jan 13, 2018 to Jul 7, 2018",24,580308,100,1819,7.47,https://cdn.myanimelist.net/images/anime/1614/90408.jpg,https://myanimelist.net/anime/35849/Darling_in_the_FranXX
32,Neon Genesis Evangelion: The End of Evangelion,"With the final Angel vanquished, Nerv has one last enemy left to faceâ€”the humans under Seele's command. 
 
Left in a deep depression nearing the end of the original series, an indecisive Shinji Ikari struggles with the ultimatum presented to him: to completely accept mankind's existence, or renounce humanity's individuality. Meanwhile, at the core of a compromised Nerv, Gendou Ikari and Rei Ayanami approach Lilith in an attempt to realize their own ideals concerning the future of the world. 
 
 The End of Evangelion  serves as an alternate ending to the polarizing final episodes of  Neon Genesis Evangelion . With the fate of the universe hanging in the balance, the climactic final battle draws near. 
 
[Written by MAL Rewrite]","['Sci-Fi', 'Dementia', 'Psychological', 'Drama', 'Mecha']",19-Jul-97,1,402617,208,92,8.51,https://cdn.myanimelist.net/images/anime/12/39305.jpg,https://myanimelist.net/anime/32/Neon_Genesis_Evangelion__The_End_of_Evangelion
20,Naruto,"Moments prior to Naruto Uzumaki's birth, a huge demon known as the Kyuubi, the Nine-Tailed Fox, attacked Konohagakure, the Hidden Leaf Village, and wreaked havoc. In order to put an end to the Kyuubi's rampage, the leader of the village, the Fourth Hokage, sacrificed his life and sealed the monstrous beast inside the newborn Naruto. 
 
Now, Naruto is a hyperactive and knuckle-headed ninja still living in Konohagakure. Shunned because of the Kyuubi inside him, Naruto struggles to find his place in the village, while his burning desire to become the Hokage of Konohagakure leads him not only to some great new friends, but also some deadly foes. 
 
[Written by MAL Rewrite]","['Action', 'Adventure', 'Comedy', 'Super Power', 'Martial Arts', 'Shounen']","Oct 3, 2002 to Feb 8, 2007",220,1280914,9,670,7.93,https://cdn.myanimelist.net/images/anime/13/17405.jpg,https://myanimelist.net/anime/20/Naruto
28171,Shokugeki no Souma,"Ever since he was a child, fifteen-year-old Souma Yukihira has helped his father by working as the sous chef in the restaurant his father runs and owns. Throughout the years, Souma developed a passion for entertaining his customers with his creative, skilled, and daring culinary creations. His dream is to someday own his family's restaurant as its head chef. 
 
Yet when his father suddenly decides to close the restaurant to test his cooking abilities in restaurants around the world, he sends Souma to Tootsuki Culinary Academy, an elite cooking school where only 10 percent of the students graduate. The institution is famous for its ""Shokugeki"" or ""food wars,"" where students face off in intense, high-stakes cooking showdowns. 
 
As Souma and his new schoolmates struggle to survive the extreme lifestyle of Tootsuki, more and greater challenges await him, putting his years of learning under his father to the test. 
 
[Written by MAL Rewrite]","['Ecchi', 'School', 'Shounen']","Apr 4, 2015 to Sep 26, 2015",24,840130,52,118,8.46,https://cdn.myanimelist.net/images/anime/3/72943.jpg,https://myanimelist.net/anime/28171/Shokugeki_no_Souma
32281,Kimi no Na wa.,"Mitsuha Miyamizu, a high school girl, yearns to live the life of a boy in the bustling city of Tokyoâ€”a dream that stands in stark contrast to her present life in the countryside. Meanwhile in the city, Taki Tachibana lives a busy life as a high school student while juggling his part-time job and hopes for a future in architecture. 
 
One day, Mitsuha awakens in a room that is not her own and suddenly finds herself living the dream life in Tokyoâ€”but in Taki's body! Elsewhere, Taki finds himself living Mitsuha's life in the humble countryside. In pursuit of an answer to this strange phenomenon, they begin to search for one another. 
 
 Kimi no Na wa.  revolves around Mitsuha and Taki's actions, which begin to have a dramatic impact on each other's lives, weaving them into a fabric held together by fate and circumstance. 
 
[Written by MAL Rewrite]","['Romance', 'Supernatural', 'School', 'Drama']",26-Aug-16,1,1139878,15,4,9.09,https://cdn.myanimelist.net/images/anime/5/87048.jpg,https://myanimelist.net/anime/32281/Kimi_no_Na_wa
1639,Boku no Pico,"Upbeat and effeminate Pico is working at his grandfather's coffee shop, CafÃ© Bebe, for the summer. Tamotsu is a white-collar worker looking for an escape from the mundanity of his everyday life. When they meet at the cafÃ©, sparks of love and lust quickly draw the two together. Conventional notions of age, gender, and sexuality are broken down as the pair seeks carnal gratification in one another's company. But do the pleasures of flesh equate to a connection between hearts? 
 
[Written by MAL Rewrite]","['Hentai', 'Yaoi']",7-Sep-06,1,97619,1122,,4.85,https://cdn.myanimelist.net/images/anime/12/39497.jpg,https://myanimelist.net/anime/1639/Boku_no_Pico
5259,Rance: Sabaku no Guardian,"Based on the game by Alice Soft. 
 
While Rance might well be one of the best swordsmen in the world, he has the personality of a rancid turd. He is narcissistic, lecherous, abusive and almost without any redeeming social graces. And his underclad and overabused slave Sill knows this, but she is still in love with him. One day Rance is hired to defend a dusty and forsaken desert village from the repeated attacks of scantly clad and oversexed sorceress intent on the resurrection of a long forgotten demon. 
 
(Source: AniDB, edited)","['Fantasy', 'Hentai', 'Magic']",22-Jul-94,2,4472,6012,,6.38,https://cdn.myanimelist.net/images/anime/7/31121.jpg,https://myanimelist.net/anime/5259/Rance__Sabaku_no_Guardian
40748,Jujutsu Kaisen (TV),"In a world where demons feed on unsuspecting humans, fragments of the legendary and feared demon Ryoumen Sukuna were lost and scattered about. Should any demon consume Sukuna's body parts, the power they gain could destroy the world as we know it. Fortunately, there exists a mysterious school of Jujutsu Sorcerers who exist to protect the precarious existence of the living from the undead! 
 
Yuuji Itadori is high schooler who spends his days visiting his bedridden grandfather. Although he looks like your average teenager, his immense physical strength is something to behold! Every sports club wants him to join, but Itadori would rather hang out with the school outcasts in the Occult Club. One day, the club manages to get their hands on a sealed cursed object, but little do they know the terror they'll unleash when they break the seal...  
 
(Source: VIZ Media, edited)","['Action', 'Horror', 'Demons', 'Supernatural', 'School', 'Shounen']",Not available,24,2838,7565,,,https://cdn.myanimelist.net/images/anime/1909/104931.jpg,https://myanimelist.net/anime/40748/Jujutsu_Kaisen_TV
38691,Dr. Stone,"After five years of harboring unspoken feelings, high-schooler Taiju Ooki is finally ready to confess his love to Yuzuriha Ogawa. Just when Taiju begins his confession however, a blinding green light strikes the Earth and petrifies mankind around the worldâ€”turning every single human into stone. 
 
Several millennia later, Taiju awakens to find the modern world completely nonexistent, as nature has flourished in the years humanity stood still. Among a stone world of statues, Taiju encounters one other living human: his science-loving friend Senkuu, who has been active for a few months. Taiju learns that Senkuu has developed a grand schemeâ€”to launch the complete revival of civilization with science. Taiju's brawn and Senkuu's brains combine to forge a formidable partnership, and they soon uncover a method to revive those petrified. 
 
However, Senkuu's master plan is threatened when his ideologies are challenged by those who awaken. All the while, the reason for mankind's petrification remains unknown. 
 
[Written by MAL Rewrite]","['Adventure', 'Sci-Fi', 'Shounen']","Jul 5, 2019 to Dec 13, 2019",24,429097,183,52,8.49,https://cdn.myanimelist.net/images/anime/1613/102576.jpg,https://myanimelist.net/anime/38691/Dr_Stone
37999,Kaguya-sama wa Kokurasetai: Tensai-tachi no Renai Zunousen,"At the renowned Shuchiin Academy, Miyuki Shirogane and Kaguya Shinomiya are the student body's top representatives. Ranked the top student in the nation and respected by peers and mentors alike, Miyuki serves as the student council president. Alongside him, the vice president Kaguyaâ€”eldest daughter of the wealthy Shinomiya familyâ€”excels in every field imaginable. They are the envy of the entire student body, regarded as the perfect couple. 
 
However, despite both having already developed feelings for the other, neither are willing to admit them. The first to confess loses, will be looked down upon, and will be considered the lesser. With their honor and pride at stake, Miyuki and Kaguya are both equally determined to be the one to emerge victorious on the battlefield of love! 
 
[Written by MAL Rewrite]","['Comedy', 'Psychological', 'Romance', 'School', 'Seinen']","Jan 12, 2019 to Mar 30, 2019",12,410056,207,136,8.42,https://cdn.myanimelist.net/images/anime/1291/97023.jpg,https://myanimelist.net/anime/37999/Kaguya-sama_wa_Kokurasetai__Tensai-tachi_no_Renai_Zunousen
33352,Violet Evergarden,"The Great War finally came to an end after four long years of conflict; fractured in two, the continent of Telesis slowly began to flourish once again. Caught up in the bloodshed was Violet Evergarden, a young girl raised for the sole purpose of decimating enemy lines. Hospitalized and maimed in a bloody skirmish during the War's final leg, she was left with only words from the person she held dearest, but with no understanding of their meaning. 
 
Recovering from her wounds, Violet starts a new life working at CH Postal Services after a falling out with her new intended guardian family. There, she witnesses by pure chance the work of an ""Auto Memory Doll,"" amanuenses that transcribe people's thoughts and feelings into words on paper. Moved by the notion, Violet begins work as an Auto Memory Doll, a trade that will take her on an adventure, one that will reshape the lives of her clients and hopefully lead to self-discovery. 
 
[Written by MAL Rewrite]","['Slice of Life', 'Drama', 'Fantasy']","Jan 11, 2018 to Apr 5, 2018",13,635262,87,61,8.62,https://cdn.myanimelist.net/images/anime/1795/95088.jpg,https://myanimelist.net/anime/33352/Violet_Evergarden
11827,Kuroinu: Kedakaki Seijo wa Hakudaku ni Somaru,"In the land of Eostia, humans and dark elves have fought for supremacy for over a century. The dark elves rule over a race of monsters that has raided human lands for generations, capturing and defiling their women. Aided by powerful bands of mercenaries, the human kingdoms have gradually pushed back their old rivals. 
 
But the mercenaries would not settle for these victories. Led by the cruel general Volt, the sellswords declare independence. With the support of the savage orcs, their new nation attacks human and dark elf alike, carving out a kingdom where men reign supreme and women are little more than slaves. Even the dark elves' castle is conquered and their queen taken prisoner. 
 
The sole hope for peace in these lands rests with a fellowship of seven princess knights, handpicked by the goddess of the high elves. But is their power enough to cleanse the evil from their world?","['Action', 'Hentai', 'Fantasy']","Jan 27, 2012 to Dec 28, 2018",6,21164,3110,,7.57,https://cdn.myanimelist.net/images/anime/1933/103847.jpg,https://myanimelist.net/anime/11827/Kuroinu__Kedakaki_Seijo_wa_Hakudaku_ni_Somaru
39935,Ultraman 2,Second season of  Ultraman .,"['Action', 'Sci-Fi', 'Super Power', 'Seinen']",Not available,13,2044,7938,,,https://cdn.myanimelist.net/images/anime/1680/101395.jpg,https://myanimelist.net/anime/39935/Ultraman_2
40456,Kimetsu no Yaiba Movie: Mugen Ressha-hen,The movie adaptation of the  Infinity Train  arc.,"['Action', 'Historical', 'Demons', 'Supernatural', 'Shounen']",2020,1,100683,1138,,,https://cdn.myanimelist.net/images/anime/1238/103624.jpg,https://myanimelist.net/anime/40456/Kimetsu_no_Yaiba_Movie__Mugen_Ressha-hen
40776,Haikyuu!!: To the Top 2nd Season,,"['Comedy', 'Drama', 'School', 'Shounen', 'Sports']","Jul, 2020 to ?",12,20348,3408,,,https://cdn.myanimelist.net/images/anime/1416/104522.jpg,https://myanimelist.net/anime/40776/Haikyuu__To_the_Top_2nd_Season
